concept_name,hicu_feature_english,match_score,matching
-lymphs,pH,100,0
ACETAMINOPH-CAFF-DIHYDROCODEIN                                                                                                                                                                                                                                 ,pH,100,0
ACETAMINOPHEN                                                                                                                                                                                                                                                  ,pH,100,0
ACETAMINOPHEN 8 HOUR                                                                                                                                                                                                                                           ,pH,100,0
ACETAMINOPHEN ER                                                                                                                                                                                                                                               ,pH,100,0
ACETAMINOPHEN W-CODEINE                                                                                                                                                                                                                                        ,pH,100,0
ACETAMINOPHEN WITH CODEINE PHOSPHATE                                                                                                                                                                                                                           ,pH,100,0
ACETAMINOPHEN-CODEINE                                                                                                                                                                                                                                          ,pH,100,0
ACIDOPHILUS                                                                                                                                                                                                                                                    ,pH,100,0
ACIPHEX                                                                                                                                                                                                                                                        ,pH,100,0
ACLIDINIUM BROMIDE                                                                                                                                                                                                                                             ,Cl,100,0
ACYCLOVIR                                                                                                                                                                                                                                                      ,Cl,100,0
ACYCLOVIR/HYDROCORTISONE                                                                                                                                                                                                                                       ,Cl,100,0
ADVACLEAR                                                                                                                                                                                                                                                      ,Cl,100,0
ALENDRONATE SODIUM                                                                                                                                                                                                                                             ,sodium,100,0
ALFUZOSIN HCL                                                                                                                                                                                                                                                  ,Cl,100,0
ALOGLIPTIN BENZOATE/METFORMIN HCL                                                                                                                                                                                                                              ,Cl,100,0
ALPHA LIPOIC ACID                                                                                                                                                                                                                                              ,pH,100,0
ALPHAGAN P                                                                                                                                                                                                                                                     ,pH,100,0
AMILORIDE HCL                                                                                                                                                                                                                                                  ,Cl,100,0
AMIODARONE HCL                                                                                                                                                                                                                                                 ,Cl,100,0
AMITRIPTYLINE HCL                                                                                                                                                                                                                                              ,Cl,100,0
AMLODIPINE BESYLATE/BENAZEPRIL HCL                                                                                                                                                                                                                             ,Cl,100,0
AMOX TR-POTASSIUM CLAVULANATE                                                                                                                                                                                                                                  ,potassium,100,0
AMOX TR-POTASSIUM CLAVULANATE                                                                                                                                                                                                                                  ,Cl,100,0
AMOXICILLIN/POTASSIUM CLAVULANATE                                                                                                                                                                                                                              ,potassium,100,0
AMPHETAMINE SALT COMBO                                                                                                                                                                                                                                         ,pH,100,0
AMPHOTERICIN B                                                                                                                                                                                                                                                 ,pH,100,0
AMPICILLIN SODIUM                                                                                                                                                                                                                                              ,sodium,100,0
ANAGRELIDE HCL                                                                                                                                                                                                                                                 ,Cl,100,0
AQUAPHOR                                                                                                                                                                                                                                                       ,pH,100,0
ASPIRIN/ACETAMINOPHEN/CAFFEINE                                                                                                                                                                                                                                 ,pH,100,0
ATOMOXETINE HCL                                                                                                                                                                                                                                                ,Cl,100,0
AZELASTINE HCL                                                                                                                                                                                                                                                 ,Cl,100,0
Acetaminophen,pH,100,0
BACLOFEN                                                                                                                                                                                                                                                       ,Cl,100,0
BALSALAZIDE DISODIUM                                                                                                                                                                                                                                           ,sodium,100,0
BECLOMETHASONE DIPROPIONATE                                                                                                                                                                                                                                    ,Cl,100,0
BENAZEPRIL HCL                                                                                                                                                                                                                                                 ,Cl,100,0
BENAZEPRIL HCL/HYDROCHLOROTHIAZIDE                                                                                                                                                                                                                             ,Cl,100,0
BENICAR HCT                                                                                                                                                                                                                                                    ,Hct,100,0
BENZACLIN                                                                                                                                                                                                                                                      ,Cl,100,0
BISACODYL/SODIUM CHLOR/SODIUM BICARB/POTASSIUM CHL/PEG 3350                                                                                                                                                                                                    ,potassium,100,0
BISACODYL/SODIUM CHLOR/SODIUM BICARB/POTASSIUM CHL/PEG 3350                                                                                                                                                                                                    ,sodium,100,0
BROMPHENIRAMINE MALEATE/PHENYLEPHRINE HCL/CARBETAPENTANE CIT                                                                                                                                                                                                   ,Cl,100,0
BUN,BUN,100,1
BUPRENORPHINE                                                                                                                                                                                                                                                  ,pH,100,0
BUPRENORPHINE HCL/NALOXONE HCL                                                                                                                                                                                                                                 ,pH,100,0
BUPRENORPHINE HCL/NALOXONE HCL                                                                                                                                                                                                                                 ,Cl,100,0
BUPROPION HBR                                                                                                                                                                                                                                                  ,Hb,100,0
BUPROPION HCL                                                                                                                                                                                                                                                  ,Cl,100,0
BUPROPION HCL SR                                                                                                                                                                                                                                               ,Cl,100,0
BUSPIRONE HCL                                                                                                                                                                                                                                                  ,Cl,100,0
BUTABARBITAL SODIUM                                                                                                                                                                                                                                            ,sodium,100,0
BUTALB-ACETAMINOPH-CAFF-CODEIN                                                                                                                                                                                                                                 ,pH,100,0
BUTALBITAL-ACETAMINOPHEN-CAFFE                                                                                                                                                                                                                                 ,pH,100,0
BUTORPHANOL TARTRATE                                                                                                                                                                                                                                           ,pH,100,0
CALCIUM PHOS/MAGNESIUM HYDROXIDE/VIT C & D3/PHOSPHORUS                                                                                                                                                                                                         ,pH,100,0
CALPHRON                                                                                                                                                                                                                                                       ,pH,100,0
CAMPHOR/EUCALYPTUS/MENTHOL                                                                                                                                                                                                                                     ,pH,100,0
CAT'S CLAW                                                                                                                                                                                                                                                     ,Cl,100,0
CEPHALEXIN                                                                                                                                                                                                                                                     ,pH,100,0
CETIRIZINE HCL                                                                                                                                                                                                                                                 ,Cl,100,0
CHLORDIAZEPOXIDE HCL                                                                                                                                                                                                                                           ,Cl,100,0
CHLOROPHYLL                                                                                                                                                                                                                                                    ,pH,100,0
CHLORPHENIRAMINE MALEATE                                                                                                                                                                                                                                       ,pH,100,0
CHLORPHENIRAMINE/DEXTROMETHORPHAN/ACETAMINOPHEN/GUAIFENESIN                                                                                                                                                                                                    ,pH,100,0
CHLORPROMAZINE HCL                                                                                                                                                                                                                                             ,Cl,100,0
CICLESONIDE                                                                                                                                                                                                                                                    ,Cl,100,0
CICLOPIROX                                                                                                                                                                                                                                                     ,Cl,100,0
CITALOPRAM HBR                                                                                                                                                                                                                                                 ,Hb,100,0
CLARINEX                                                                                                                                                                                                                                                       ,Cl,100,0
CLARITHROMYCIN                                                                                                                                                                                                                                                 ,Cl,100,0
CLARITIN                                                                                                                                                                                                                                                       ,Cl,100,0
CLEAR EYES COMPLETE                                                                                                                                                                                                                                            ,Cl,100,0
CLEOCIN                                                                                                                                                                                                                                                        ,Cl,100,0
CLINDAMYCIN HCL                                                                                                                                                                                                                                                ,Cl,100,0
CLINORIL                                                                                                                                                                                                                                                       ,Cl,100,0
CLOBAZAM                                                                                                                                                                                                                                                       ,Cl,100,0
CLOBETASOL EMOLLIENT                                                                                                                                                                                                                                           ,Cl,100,0
CLOBETASOL PROPIONATE                                                                                                                                                                                                                                          ,Cl,100,0
CLOMIPRAMINE HCL                                                                                                                                                                                                                                               ,Cl,100,0
CLONAZEPAM                                                                                                                                                                                                                                                     ,Cl,100,0
CLONIDINE                                                                                                                                                                                                                                                      ,Cl,100,0
CLONIDINE HCL                                                                                                                                                                                                                                                  ,Cl,100,0
CLONIDINE HCL/PF                                                                                                                                                                                                                                               ,Cl,100,0
CLOPIDOGREL                                                                                                                                                                                                                                                    ,Cl,100,0
CLOPIDOGREL BISULFATE                                                                                                                                                                                                                                          ,Cl,100,0
CLORAZEPATE DIPOTASSIUM                                                                                                                                                                                                                                        ,potassium,100,0
CLORAZEPATE DIPOTASSIUM                                                                                                                                                                                                                                        ,Cl,100,0
CLOTRIMAZOLE                                                                                                                                                                                                                                                   ,Cl,100,0
CLOTRIMAZOLE-BETAMETHASONE                                                                                                                                                                                                                                     ,Cl,100,0
CLOZAPINE                                                                                                                                                                                                                                                      ,Cl,100,0
CLOZARIL                                                                                                                                                                                                                                                       ,Cl,100,0
CODEINE PHOSPHATE                                                                                                                                                                                                                                              ,pH,100,0
COLESTIPOL HCL                                                                                                                                                                                                                                                 ,Cl,100,0
COLISTIN (AS COLISTIMETHATE SODIUM)                                                                                                                                                                                                                            ,sodium,100,0
CREATININE                                                                                                                                                                                                                                                     ,Creatinine,100,1
CYCLOBENZAPRINE HCL                                                                                                                                                                                                                                            ,Cl,100,0
CYCLOPHOSPHAMIDE                                                                                                                                                                                                                                               ,pH,100,0
CYCLOPHOSPHAMIDE                                                                                                                                                                                                                                               ,Cl,100,0
CYCLOSPORINE                                                                                                                                                                                                                                                   ,Cl,100,0
CYPROHEPTADINE HCL                                                                                                                                                                                                                                             ,Cl,100,0
Cyclosporin,Cl,100,0
DECAMETHYLCYCLOPENTASILOXANE                                                                                                                                                                                                                                   ,Cl,100,0
DEMECLOCYCLINE HCL                                                                                                                                                                                                                                             ,Cl,100,0
DESIPRAMINE HCL                                                                                                                                                                                                                                                ,Cl,100,0
DEX4 GLUCOSE                                                                                                                                                                                                                                                   ,Glucose,100,0
DEXTROAMPHETAMINE SULFATE                                                                                                                                                                                                                                      ,pH,100,0
DEXTROAMPHETAMINE-AMPHETAMINE                                                                                                                                                                                                                                  ,pH,100,0
DEXTROMETHORPHAN                                                                                                                                                                                                                                               ,pH,100,0
DEXTROMETHORPHAN HBR/QUINIDINE SULFATE                                                                                                                                                                                                                         ,Hb,100,0
DEXTROMETHORPHAN HBR/QUINIDINE SULFATE                                                                                                                                                                                                                         ,pH,100,0
DICLOFENAC EPOLAMINE                                                                                                                                                                                                                                           ,Cl,100,0
DICLOFENAC SODIUM                                                                                                                                                                                                                                              ,sodium,100,0
DICLOFENAC SODIUM                                                                                                                                                                                                                                              ,Cl,100,0
DICLOFENAC SODIUM ER                                                                                                                                                                                                                                           ,sodium,100,0
DICLOFENAC SODIUM ER                                                                                                                                                                                                                                           ,Cl,100,0
DICLOXACILLIN SODIUM                                                                                                                                                                                                                                           ,sodium,100,0
DICLOXACILLIN SODIUM                                                                                                                                                                                                                                           ,Cl,100,0
DICYCLOMINE HCL                                                                                                                                                                                                                                                ,Cl,100,0
DILTIAZEM HCL                                                                                                                                                                                                                                                  ,Cl,100,0
DIOVAN HCT                                                                                                                                                                                                                                                     ,Hct,100,0
DIPHENHIST                                                                                                                                                                                                                                                     ,pH,100,0
DIPHENHYDRAMINE                                                                                                                                                                                                                                                ,pH,100,0
DIPHENHYDRAMINE HCL                                                                                                                                                                                                                                            ,pH,100,0
DIPHENHYDRAMINE HCL                                                                                                                                                                                                                                            ,Cl,100,0
DIPHENHYDRAMINE HCL/PHENYLEPHRINE HCL/ACETAMINOPHEN                                                                                                                                                                                                            ,Cl,100,0
DIPHENHYDRAMINE HCL/ZINC ACETATE                                                                                                                                                                                                                               ,pH,100,0
DIPHENHYDRAMINE HCL/ZINC ACETATE                                                                                                                                                                                                                               ,Cl,100,0
DIPHENOXYLATE HCL/ATROPINE SULFATE                                                                                                                                                                                                                             ,pH,100,0
DIPHENOXYLATE HCL/ATROPINE SULFATE                                                                                                                                                                                                                             ,Cl,100,0
DIVALPROEX SODIUM                                                                                                                                                                                                                                              ,sodium,100,0
DIVALPROEX SODIUM ER                                                                                                                                                                                                                                           ,sodium,100,0
DOBUTAMINE HCL                                                                                                                                                                                                                                                 ,Cl,100,0
DOCUSATE SODIUM                                                                                                                                                                                                                                                ,sodium,100,0
DOLOPHINE HCL                                                                                                                                                                                                                                                  ,pH,100,0
DOLOPHINE HCL                                                                                                                                                                                                                                                  ,Cl,100,0
DONEPEZIL HCL                                                                                                                                                                                                                                                  ,Cl,100,0
DORZOLAMIDE HCL                                                                                                                                                                                                                                                ,Cl,100,0
DORZOLAMIDE HCL/TIMOLOL MALEATE                                                                                                                                                                                                                                ,Cl,100,0
DOXEPIN HCL                                                                                                                                                                                                                                                    ,Cl,100,0
DOXYCYCLINE CALCIUM                                                                                                                                                                                                                                            ,Cl,100,0
DOXYCYCLINE HYCLATE                                                                                                                                                                                                                                            ,Cl,100,0
DOXYCYCLINE MONOHYDRATE                                                                                                                                                                                                                                        ,Cl,100,0
DRONEDARONE HCL                                                                                                                                                                                                                                                ,Cl,100,0
DULOXETINE HCL                                                                                                                                                                                                                                                 ,Cl,100,0
ENOXAPARIN SODIUM                                                                                                                                                                                                                                              ,sodium,100,0
EPHEDRINE HCL                                                                                                                                                                                                                                                  ,pH,100,0
EPHEDRINE HCL                                                                                                                                                                                                                                                  ,Cl,100,0
EPINEPHRINE                                                                                                                                                                                                                                                    ,pH,100,0
ERLOTINIB HCL                                                                                                                                                                                                                                                  ,Cl,100,0
ERTAPENEM SODIUM                                                                                                                                                                                                                                               ,sodium,100,0
ESOMEPRAZOLE SODIUM                                                                                                                                                                                                                                            ,sodium,100,0
ETHAMBUTOL HCL                                                                                                                                                                                                                                                 ,Cl,100,0
"FACTOR XIII A-SUBUNIT, RECOMBINANT                                                                                                                                                                                                                             ",BUN,100,0
FAMCICLOVIR                                                                                                                                                                                                                                                    ,Cl,100,0
FEXOFENADINE HCL                                                                                                                                                                                                                                               ,Cl,100,0
FLEET PHOSPHO-SODA                                                                                                                                                                                                                                             ,pH,100,0
FLUOXETINE HCL                                                                                                                                                                                                                                                 ,Cl,100,0
FLUPHENAZINE DECANOATE                                                                                                                                                                                                                                         ,pH,100,0
FLUPHENAZINE HCL                                                                                                                                                                                                                                               ,pH,100,0
FLUPHENAZINE HCL                                                                                                                                                                                                                                               ,Cl,100,0
FLURAZEPAM HCL                                                                                                                                                                                                                                                 ,Cl,100,0
FLUVASTATIN SODIUM                                                                                                                                                                                                                                             ,sodium,100,0
FOLATE #5/IRON/C/CALCIUM-THREONATE/PHOSPHAT-DHA/B CMP NO.14                                                                                                                                                                                                    ,pH,100,0
FONDAPARINUX SODIUM                                                                                                                                                                                                                                            ,sodium,100,0
FOSINOPRIL SODIUM                                                                                                                                                                                                                                              ,sodium,100,0
GALANTAMINE HBR                                                                                                                                                                                                                                                ,Hb,100,0
GLUCOPHAGE                                                                                                                                                                                                                                                     ,pH,100,0
GLUCOPHAGE XR                                                                                                                                                                                                                                                  ,pH,100,0
GLUCOSAMIN/CHONDR-MSM#1/D3/C/MANGAN/BOSWELLIA SER EXT/NA BOR                                                                                                                                                                                                   ,Glucose,86,0
GLUCOSAMINE                                                                                                                                                                                                                                                    ,Glucose,86,0
GLUCOSAMINE & CHONDROITIN                                                                                                                                                                                                                                      ,Glucose,86,0
GLUCOSAMINE & CHONDROITIN WITH MULTIVIT.& MINS. COMB NO.3                                                                                                                                                                                                      ,Glucose,86,0
GLUCOSAMINE CHONDROITIN                                                                                                                                                                                                                                        ,Glucose,86,0
GLUCOSAMINE SULFATE                                                                                                                                                                                                                                            ,Glucose,86,0
GLUCOSAMINE-CHONDROITIN                                                                                                                                                                                                                                        ,Glucose,86,0
GLUCOSE                                                                                                                                                                                                                                                        ,Glucose,100,1
GLUCOSE TEST STRIP                                                                                                                                                                                                                                             ,Glucose,100,0
GLYBURIDE-METFORMIN HCL                                                                                                                                                                                                                                        ,Cl,100,0
GUAIFENESIN-DEXTROMETHORPHAN                                                                                                                                                                                                                                   ,pH,100,0
GUAIFENESIN/CODEINE PHOSPHATE                                                                                                                                                                                                                                  ,pH,100,0
GUANFACINE HCL                                                                                                                                                                                                                                                 ,Cl,100,0
HCO3,HCO3-,100,1
HEPARIN SODIUM                                                                                                                                                                                                                                                 ,sodium,100,0
HEPARIN SODIUM IN 0.45% NACL                                                                                                                                                                                                                                   ,sodium,100,0
HEPARIN SODIUM IN 0.45% NACL                                                                                                                                                                                                                                   ,Cl,100,0
"HEPARIN SODIUM,PORCINE                                                                                                                                                                                                                                         ",sodium,100,0
HYDRALAZINE HCL                                                                                                                                                                                                                                                ,Cl,100,0
HYDROCODONE BIT/ACETAMINOPHEN                                                                                                                                                                                                                                  ,pH,100,0
HYDROCODONE BITARTRATE/ACETAMINOPHEN                                                                                                                                                                                                                           ,pH,100,0
HYDROCODONE POLISTIREX/CHLORPHENIRAMINE POLISTIREX                                                                                                                                                                                                             ,pH,100,0
HYDROCODONE W/ACETAMINOPHEN                                                                                                                                                                                                                                    ,pH,100,0
HYDROCODONE-ACETAMINOPHEN                                                                                                                                                                                                                                      ,pH,100,0
HYDROCODONE/ACETAMINOPHEN                                                                                                                                                                                                                                      ,pH,100,0
HYDROMORPHONE ER                                                                                                                                                                                                                                               ,pH,100,0
HYDROMORPHONE HCL                                                                                                                                                                                                                                              ,pH,100,0
HYDROMORPHONE HCL                                                                                                                                                                                                                                              ,Cl,100,0
HYDROPHOR                                                                                                                                                                                                                                                      ,pH,100,0
HYDROXYZINE HCL                                                                                                                                                                                                                                                ,Cl,100,0
Hct,Hct,100,1
IBANDRONATE SODIUM                                                                                                                                                                                                                                             ,sodium,100,0
IMIPENEM-CILASTATIN SODIUM                                                                                                                                                                                                                                     ,sodium,100,0
IMIPRAMINE HCL                                                                                                                                                                                                                                                 ,Cl,100,0
IMODIUM A-D                                                                                                                                                                                                                                                    ,sodium,83,0
INSULIN NPH HUMAN ISOPHANE                                                                                                                                                                                                                                     ,pH,100,0
K-PHOS NEUTRAL                                                                                                                                                                                                                                                 ,pH,100,0
LABETALOL HCL                                                                                                                                                                                                                                                  ,Cl,100,0
LACTO ACIDOPHILUS/L. BULGARICUS/BIFIDO B/S. THERMOPHILUS                                                                                                                                                                                                       ,pH,100,0
LACTOBACILLUS ACIDOPH/BIFIDOBACT ANIM/GLOBULIN PROTEIN CONC                                                                                                                                                                                                    ,pH,100,0
LACTOBACILLUS ACIDOPHILUS                                                                                                                                                                                                                                      ,pH,100,0
LEVALBUTEROL HCL                                                                                                                                                                                                                                               ,Cl,100,0
LEVOBUNOLOL HCL                                                                                                                                                                                                                                                ,Cl,100,0
LEVOBUNOLOL HCL                                                                                                                                                                                                                                                ,BUN,100,0
LEVOTHYROXINE SODIUM                                                                                                                                                                                                                                           ,sodium,100,0
LIDOCAINE HCL                                                                                                                                                                                                                                                  ,Cl,100,0
LIDOCAINE HCL VISCOUS                                                                                                                                                                                                                                          ,Cl,100,0
LIDOCAINE HCL/GLYCERIN                                                                                                                                                                                                                                         ,Cl,100,0
LINACLOTIDE                                                                                                                                                                                                                                                    ,Cl,100,0
LOSARTAN POTASSIUM                                                                                                                                                                                                                                             ,potassium,100,0
LOSARTAN POTASSIUM/HYDROCHLOROTHIAZIDE                                                                                                                                                                                                                         ,potassium,100,0
LUMINAL SODIUM                                                                                                                                                                                                                                                 ,sodium,100,0
LURASIDONE HCL                                                                                                                                                                                                                                                 ,Cl,100,0
Legionella pneumophila Ab,pH,100,0
MAG HYDROXIDE/AL HYDROXIDE/SIMETH/DIPHENHYDRAMINE/LIDOCAINE                                                                                                                                                                                                    ,pH,100,0
MECLIZINE HCL                                                                                                                                                                                                                                                  ,Cl,100,0
MEMANTINE HCL                                                                                                                                                                                                                                                  ,Cl,100,0
MEPHYTON                                                                                                                                                                                                                                                       ,pH,100,0
METFORMIN HCL                                                                                                                                                                                                                                                  ,Cl,100,0
METFORMIN HCL ER                                                                                                                                                                                                                                               ,Cl,100,0
METHADONE HCL                                                                                                                                                                                                                                                  ,Cl,100,0
METHYLPHENIDATE                                                                                                                                                                                                                                                ,pH,100,0
METOCLOPRAMIDE HCL                                                                                                                                                                                                                                             ,Cl,100,0
MEXILETINE HCL                                                                                                                                                                                                                                                 ,Cl,100,0
MICAFUNGIN SODIUM                                                                                                                                                                                                                                              ,sodium,100,0
MIDODRINE HCL                                                                                                                                                                                                                                                  ,Cl,100,0
MINOCYCLINE HCL                                                                                                                                                                                                                                                ,Cl,100,0
MONTELUKAST SODIUM                                                                                                                                                                                                                                             ,sodium,100,0
MORE-DOPHILUS                                                                                                                                                                                                                                                  ,pH,100,0
MORPHINE SULFATE                                                                                                                                                                                                                                               ,pH,100,0
MORPHINE SULFATE ER                                                                                                                                                                                                                                            ,pH,100,0
MOXIFLOXACIN HCL                                                                                                                                                                                                                                               ,Cl,100,0
MYCOPHENOLATE MOFETIL                                                                                                                                                                                                                                          ,pH,100,0
MYCOPHENOLIC ACID                                                                                                                                                                                                                                              ,pH,100,0
NALTREXONE HCL                                                                                                                                                                                                                                                 ,Cl,100,0
NAPROXEN SODIUM                                                                                                                                                                                                                                                ,sodium,100,0
NEBIVOLOL HCL                                                                                                                                                                                                                                                  ,Cl,100,0
NEFAZODONE HCL                                                                                                                                                                                                                                                 ,Cl,100,0
NEPHRO-VITE                                                                                                                                                                                                                                                    ,pH,100,0
NEPHROCAPS                                                                                                                                                                                                                                                     ,pH,100,0
NEPHRONEX                                                                                                                                                                                                                                                      ,pH,100,0
NICARDIPINE HCL                                                                                                                                                                                                                                                ,Cl,100,0
NORTRIPTYLINE HCL                                                                                                                                                                                                                                              ,Cl,100,0
"NPH, HUMAN INSULIN ISOPHANE                                                                                                                                                                                                                                    ",pH,100,0
NYSTATIN/LIDOCAINE HCL/DIPHENHYDRAMINE HCL                                                                                                                                                                                                                     ,pH,100,0
NYSTATIN/LIDOCAINE HCL/DIPHENHYDRAMINE HCL                                                                                                                                                                                                                     ,Cl,100,0
OLODATEROL HCL                                                                                                                                                                                                                                                 ,Cl,100,0
OLOPATADINE HCL                                                                                                                                                                                                                                                ,Cl,100,0
ORPHENADRINE CITRATE                                                                                                                                                                                                                                           ,pH,100,0
ORTHO TRI-CYCLEN                                                                                                                                                                                                                                               ,Cl,100,0
OXYCODONE HCL                                                                                                                                                                                                                                                  ,Cl,100,0
OXYCODONE HCL-ACETAMINOPHEN                                                                                                                                                                                                                                    ,pH,100,0
OXYCODONE HCL-ACETAMINOPHEN                                                                                                                                                                                                                                    ,Cl,100,0
OXYCODONE HCL/ACETAMINOPHEN                                                                                                                                                                                                                                    ,pH,100,0
OXYCODONE HCL/ACETAMINOPHEN                                                                                                                                                                                                                                    ,Cl,100,0
OXYCODONE-ACETAMINOPHEN                                                                                                                                                                                                                                        ,pH,100,0
OXYMETAZOLINE HCL                                                                                                                                                                                                                                              ,Cl,100,0
OXYMORPHONE HCL                                                                                                                                                                                                                                                ,pH,100,0
OXYMORPHONE HCL                                                                                                                                                                                                                                                ,Cl,100,0
PALONOSETRON HCL                                                                                                                                                                                                                                               ,Cl,100,0
PAMIDRONATE DISODIUM                                                                                                                                                                                                                                           ,sodium,100,0
PANTOPRAZOLE SODIUM                                                                                                                                                                                                                                            ,sodium,100,0
PAROXETINE HCL                                                                                                                                                                                                                                                 ,Cl,100,0
PEG 3350/SOD SULF/SOD BICARBONATE/SOD CHLORIDE/POTASSIUM CHL                                                                                                                                                                                                   ,potassium,100,0
PENICILLIN G POTASSIUM                                                                                                                                                                                                                                         ,potassium,100,0
PENICILLIN V POTASSIUM                                                                                                                                                                                                                                         ,potassium,100,0
PERICLEAN                                                                                                                                                                                                                                                      ,Cl,100,0
PERPHENAZINE                                                                                                                                                                                                                                                   ,pH,100,0
PERPHENAZINE-AMITRIPTYLINE                                                                                                                                                                                                                                     ,pH,100,0
PHAZYME                                                                                                                                                                                                                                                        ,pH,100,0
PHENAZOPYRIDINE HCL                                                                                                                                                                                                                                            ,pH,100,0
PHENAZOPYRIDINE HCL                                                                                                                                                                                                                                            ,Cl,100,0
PHENERGAN                                                                                                                                                                                                                                                      ,pH,100,0
PHENOBARBITAL                                                                                                                                                                                                                                                  ,pH,100,0
PHENOXYBENZAMINE HCL                                                                                                                                                                                                                                           ,pH,100,0
PHENOXYBENZAMINE HCL                                                                                                                                                                                                                                           ,Cl,100,0
PHENYLEPHRINE HCL                                                                                                                                                                                                                                              ,pH,100,0
PHENYLEPHRINE HCL                                                                                                                                                                                                                                              ,Cl,100,0
PHENYTOIN                                                                                                                                                                                                                                                      ,pH,100,0
PHILLIPS' COLON HEALTH                                                                                                                                                                                                                                         ,pH,100,0
PHOS-NAK                                                                                                                                                                                                                                                       ,pH,100,0
PHOSLO                                                                                                                                                                                                                                                         ,pH,100,0
PHOSLYRA                                                                                                                                                                                                                                                       ,pH,100,0
PHOSPHATE ENEMA                                                                                                                                                                                                                                                ,pH,100,0
PHOSPHORUS #1                                                                                                                                                                                                                                                  ,pH,100,0
PHYTONADIONE                                                                                                                                                                                                                                                   ,pH,100,0
PILOCARPINE HCL                                                                                                                                                                                                                                                ,Cl,100,0
PIOGLITAZONE HCL                                                                                                                                                                                                                                               ,Cl,100,0
PIOGLITAZONE HCL/METFORMIN HCL                                                                                                                                                                                                                                 ,Cl,100,0
POLYCARBOPHIL                                                                                                                                                                                                                                                  ,pH,100,0
POTASSIUM                                                                                                                                                                                                                                                      ,potassium,100,1
POTASSIUM ACETATE                                                                                                                                                                                                                                              ,potassium,100,0
POTASSIUM CHLORIDE                                                                                                                                                                                                                                             ,potassium,100,0
POTASSIUM CITRATE                                                                                                                                                                                                                                              ,potassium,100,0
POTASSIUM GLUCONATE                                                                                                                                                                                                                                            ,potassium,100,0
POTASSIUM IODIDE                                                                                                                                                                                                                                               ,potassium,100,0
POTASSIUM PHOSPHATE                                                                                                                                                                                                                                            ,potassium,100,0
POTASSIUM PHOSPHATE                                                                                                                                                                                                                                            ,pH,100,0
PRAMIPEXOLE DI-HCL                                                                                                                                                                                                                                             ,Cl,100,0
PRASUGREL HCL                                                                                                                                                                                                                                                  ,Cl,100,0
PRAVASTATIN SODIUM                                                                                                                                                                                                                                             ,sodium,100,0
PRAZOSIN HCL                                                                                                                                                                                                                                                   ,Cl,100,0
PREMIER CLOSED POUCH                                                                                                                                                                                                                                           ,Cl,100,0
PROBIOTIC & ACIDOPHILUS                                                                                                                                                                                                                                        ,pH,100,0
PROMETHAZINE HCL                                                                                                                                                                                                                                               ,Cl,100,0
PROPAFENONE HCL                                                                                                                                                                                                                                                ,Cl,100,0
PROPRANOLOL HCL                                                                                                                                                                                                                                                ,Cl,100,0
PSEUDOEPHEDRINE                                                                                                                                                                                                                                                ,pH,100,0
PT,aPTT,100,0
PTT,aPTT,100,0
PYRIDOXINE HCL                                                                                                                                                                                                                                                 ,Cl,100,0
Phenobarbital,pH,100,0
Phenytoin,pH,100,0
QUINAPRIL HCL                                                                                                                                                                                                                                                  ,Cl,100,0
RABEPRAZOLE SODIUM                                                                                                                                                                                                                                             ,sodium,100,0
RALOXIFENE HCL                                                                                                                                                                                                                                                 ,Cl,100,0
RALTEGRAVIR POTASSIUM                                                                                                                                                                                                                                          ,potassium,100,0
RANITIDINE HCL                                                                                                                                                                                                                                                 ,Cl,100,0
RBC,RBC COUNT,100,1
RECLAST                                                                                                                                                                                                                                                        ,Cl,100,0
RILPIVIRINE HCL                                                                                                                                                                                                                                                ,Cl,100,0
RISEDRONATE SODIUM                                                                                                                                                                                                                                             ,sodium,100,0
ROCEPHIN                                                                                                                                                                                                                                                       ,pH,100,0
ROPINIROLE HCL                                                                                                                                                                                                                                                 ,Cl,100,0
SAPHRIS                                                                                                                                                                                                                                                        ,pH,100,0
SAXAGLIPTIN HCL                                                                                                                                                                                                                                                ,Cl,100,0
SAXAGLIPTIN HCL/METFORMIN HCL                                                                                                                                                                                                                                  ,Cl,100,0
SENNA-DOCUSATE SODIUM                                                                                                                                                                                                                                          ,sodium,100,0
SENNOSIDES-DOCUSATE SODIUM                                                                                                                                                                                                                                     ,sodium,100,0
SERTRALINE HCL                                                                                                                                                                                                                                                 ,Cl,100,0
SEVELAMER HCL                                                                                                                                                                                                                                                  ,Cl,100,0
SITAGLIPTIN PHOSPHATE                                                                                                                                                                                                                                          ,pH,100,0
SODIUM BICARBONATE                                                                                                                                                                                                                                             ,sodium,100,0
SODIUM CHLORIDE                                                                                                                                                                                                                                                ,sodium,100,0
SODIUM CHLORIDE 0.45 %                                                                                                                                                                                                                                         ,sodium,100,0
SODIUM PHOSPHATE                                                                                                                                                                                                                                               ,pH,100,0
SODIUM PHOSPHATE                                                                                                                                                                                                                                               ,sodium,100,0
SOTALOL HCL                                                                                                                                                                                                                                                    ,Cl,100,0
SPIRONOLACTONE-HCTZ                                                                                                                                                                                                                                            ,Hct,100,0
TAGAMET HB                                                                                                                                                                                                                                                     ,Hb,100,0
TAMSULOSIN HCL                                                                                                                                                                                                                                                 ,Cl,100,0
TERAZOSIN HCL                                                                                                                                                                                                                                                  ,Cl,100,0
TETRACYCLINE                                                                                                                                                                                                                                                   ,Cl,100,0
THEOPHYLLINE                                                                                                                                                                                                                                                   ,pH,100,0
THIAMINE HCL                                                                                                                                                                                                                                                   ,Cl,100,0
TIGECYCLINE                                                                                                                                                                                                                                                    ,Cl,100,0
TIZANIDINE HCL                                                                                                                                                                                                                                                 ,Cl,100,0
TRAMADOL HCL                                                                                                                                                                                                                                                   ,Cl,100,0
TRAZODONE HCL                                                                                                                                                                                                                                                  ,Cl,100,0
TRIAMTERENE W/HCTZ                                                                                                                                                                                                                                             ,Hct,100,0
TRIAMTERENE-HCTZ                                                                                                                                                                                                                                               ,Hct,100,0
TRIFLUOPERAZINE HCL                                                                                                                                                                                                                                            ,Cl,100,0
TRIHEXYPHENIDYL HCL                                                                                                                                                                                                                                            ,pH,100,0
TRIHEXYPHENIDYL HCL                                                                                                                                                                                                                                            ,Cl,100,0
TRIPROLIDINE HCL                                                                                                                                                                                                                                               ,Cl,100,0
Temperature,temperature,100,1
Theophylline,pH,100,0
VALACYCLOVIR                                                                                                                                                                                                                                                   ,Cl,100,0
VALGANCICLOVIR HCL                                                                                                                                                                                                                                             ,Cl,100,0
VALPROATE SODIUM                                                                                                                                                                                                                                               ,sodium,100,0
VALPROIC ACID (AS SODIUM SALT) (VALPROATE SODIUM)                                                                                                                                                                                                              ,sodium,100,0
VANCOCIN HCL                                                                                                                                                                                                                                                   ,Cl,100,0
VANCOMYCIN HCL                                                                                                                                                                                                                                                 ,Cl,100,0
VARDENAFIL HCL                                                                                                                                                                                                                                                 ,Cl,100,0
VENLAFAXINE HCL                                                                                                                                                                                                                                                ,Cl,100,0
VENLAFAXINE HCL ER                                                                                                                                                                                                                                             ,Cl,100,0
VERAPAMIL HCL                                                                                                                                                                                                                                                  ,Cl,100,0
VIT D3/VIT E MIXED/SE/SOY ISOFLAV/GAMMA TOCOPHEROL/LYCOPENE                                                                                                                                                                                                    ,pH,100,0
WARFARIN SODIUM                                                                                                                                                                                                                                                ,sodium,100,0
XENADERM                                                                                                                                                                                                                                                       ,gender,83,0
ZIPRASIDONE HCL                                                                                                                                                                                                                                                ,Cl,100,0
alkaline phos.,pH,100,0
bedside glucose,Glucose,100,0
creatinine,Creatinine,100,1
glucose,Glucose,100,1
glucose - CSF,Glucose,100,1
pH,phonenum1,100,0
pH,phonenum2,100,0
pH,Neutrophil(%),100,0
pH,Basophil(%),100,0
pH,pH,100,1
pH,Eosinophil(%),100,0
phosphate,pH,100,0
potassium,potassium,100,1
sodium,sodium,100,1
urinary creatinine,Creatinine,100,1
urinary sodium,sodium,100,0
